T,alpha,beta,rho,nu
0.08333333333333333,4.066047,0.5,0.000326,0.95973
0.16666666666666666,3.594079,0.5,0.023317,0.839636
0.25,3.235085,0.5,0.042028,0.665047
0.5,2.864746,0.5,0.095106,0.494816
0.75,2.660713,0.5,0.127276,0.409111
1.0,2.569171,0.5,0.15606,0.366648
2.0,2.423491,0.5,0.247284,0.308487
